gameCode;gameVersion;dsprotVersion;dsprotFuncMask;regularOvlId;regularOffset;sOvlId;sOffset
A3PJ;0;1.10;10101;-2;0x28f34;-1;0x0
A3YK;0;1.08;111111;6;0x39c;-1;0x0
AEYK;0;1.06;10101;-2;0x5ccdc;-1;0x0
ANMK;0;1.00_2;110011;-2;0x105d80;-1;0x0
ARFK;0;1.23;111111;2;0x0;-1;0x0
ARMK;0;1.23;111111;28;0x0;-1;0x0
AWIK;0;1.06;10101;-2;0xc9074;-1;0x0
AZLE;0;1.22;111111;156;0x0;-1;0x0
AZLK;0;1.26;111111;155;0x0;-1;0x0
AZLP;1;1.22;111111;156;0x0;-1;0x0
B22J;0;1.28;111111;0;0x0;-1;0x0
B2AK;0;1.26;111111;0;0x0;-1;0x0
B2BJ;0;1.26;111111;84;0x0;-1;0x0
B2BX;0;1.26;111111;85;0x0;-1;0x0
B2JJ;0;1.28;111111;4;0xc4;-1;0x0
B2KJ;0;2.01;111111;19;0x210;-1;0x0
B2OK;0;2.01;111111;-1;0x0;0;0x0
B2QJ;0;1.20;111111;0;0x0;-1;0x0
B2UE;0;1.27;111111;23;0x0;-1;0x0
B2UP;0;1.27;111111;23;0x0;-1;0x0
B2WJ;0;1.23;111111;0;0x0;-1;0x0
B2YK;0;1.26;111111;0;0x0;-1;0x0
B35J;0;1.23;111111;10;0x0;-1;0x0
B3CJ;0;1.22;111111;2;0x0;-1;0x0
B3DJ;0;1.27;111111;5;0x4498;-1;0x0
B3GJ;0;2.01;111111;2;0x0;-1;0x0
B3IJ;0;2.01;111111;26;0x0;-1;0x0
B3LJ;0;2.01;111111;35;0x0;-1;0x0
B3RE;0;1.27;111111;0;0x0;-1;0x0
B3RJ;0;1.23;111111;0;0x0;-1;0x0
B3RP;0;1.27;111111;0;0x0;-1;0x0
B3UE;0;1.27;111111;0;0x0;-1;0x0
B3UP;0;1.27;111111;0;0x0;-1;0x0
B3VE;0;1.27;111111;0;0x0;-1;0x0
B3VP;0;1.27;111111;0;0x0;-1;0x0
B3XE;0;1.25;111111;2;0x0;-1;0x0
B3XJ;0;1.25;111111;2;0xa4;-1;0x0
B42J;0;1.25;111111;16;0x0;-1;0x0
B4FJ;0;1.23;111111;179;0x0;-1;0x0
B4KJ;0;2.00;111111;0;0x0;-1;0x0
B4NK;0;1.23;111111;0;0x0;-1;0x0
B4TE;0;1.26;111111;1;0x0;-1;0x0
B4TJ;0;1.27;111111;1;0x0;-1;0x0
B4TP;0;1.26;111111;1;0x0;-1;0x0
B59J;0;1.23;111111;0;0x0;-1;0x0
B5FJ;0;1.28;111111;176;0x0;-1;0x0
B5GJ;0;1.23;111111;0;0x0;-1;0x0
B5KJ;0;1.27;111111;0;0x0;-1;0x0
B5VE;0;2.01;111111;1;0x0;-1;0x0
B62J;0;1.10;100101;6;0x0;-1;0x0
B6KP;0;2.03;111111;46;0x0;50;0x0
B6TE;0;1.28;111111;0;0x93534;-1;0x0
B6TP;0;1.28;111111;-2;0xb49b8;-1;0x0
B6TX;0;1.28;111111;-2;0xb49b8;-1;0x0
B6XJ;0;1.22;111111;583;0x0;-1;0x0
B6ZE;0;1.26;111111;8;0x0;-1;0x0
B6ZJ;0;1.26;111111;8;0x0;-1;0x0
B6ZP;0;1.26;111111;8;0x0;-1;0x0
B74J;0;1.20;111111;0;0x0;-1;0x0
B7HE;0;1.26;111111;2;0x931c;-1;0x0
B7HP;0;1.26;111111;2;0x9340;-1;0x0
B7KJ;0;1.28;111111;41;0x0;-1;0x0
B7XJ;0;1.26;111111;0;0x0;-1;0x0
B86E;0;2.01;111111;0;0x0;-1;0x0
B86P;0;2.01;111111;0;0x0;-1;0x0
B8RJ;0;1.27;111111;7;0x0;-1;0x0
BA5P;0;1.27;111111;0;0x0;-1;0x0
BA7J;2;2.00;111111;0;0x0;-1;0x0
BB4J;0;1.27;111111;2;0x0;-1;0x0
BBJJ;0;1.27;111111;1;0x0;-1;0x0
BBUE;0;1.27;111111;20;0x0;-1;0x0
BBUJ;0;1.23;111111;22;0x0;-1;0x0
BBUK;0;1.23;111111;20;0x0;-1;0x0
BBUP;0;1.27;111111;20;0x0;-1;0x0
BBUY;0;1.27;111111;20;0x0;-1;0x0
BCDK;0;2.01;111111;-1;0x0;0;0x0
BCJK;0;2.01;111111;28;0x0;29;0x0
BCKJ;0;1.25;111111;0;0x0;-1;0x0
BCXJ;0;1.25;111111;11;0x0;-1;0x0
BD2E;0;1.23;111111;2;0x0;-1;0x0
BD2J;0;1.23;111111;2;0x0;-1;0x0
BD2P;0;1.23;111111;2;0x0;-1;0x0
BDGJ;0;1.23;111111;0;0x0;-1;0x0
BDNJ;0;1.22;111111;2;0x0;-1;0x0
BDYD;0;1.28;111111;3;0x0;-1;0x0
BDYE;0;1.28;111111;3;0x0;-1;0x0
BDYF;0;1.28;111111;3;0x0;-1;0x0
BDYP;0;1.28;111111;3;0x0;-1;0x0
BDYY;0;1.28;111111;3;0x0;-1;0x0
BE8J;0;1.27;111111;123;0x0;-1;0x0
BEBD;0;2.03;111111;97;0x0;-1;0x0
BEBF;0;2.03;111111;97;0x0;-1;0x0
BEBI;0;2.03;111111;97;0x0;-1;0x0
BEBJ;0;1.22;111111;88;0x0;-1;0x0
BEBJ;1;1.22;111111;88;0x0;-1;0x0
BEBP;0;2.03;111111;97;0x0;-1;0x0
BEBS;0;2.03;111111;97;0x0;-1;0x0
BEED;0;2.03;111111;97;0x0;-1;0x0
BEEF;0;2.03;111111;97;0x0;-1;0x0
BEEI;0;2.03;111111;97;0x0;-1;0x0
BEEJ;0;1.22;111111;88;0x0;-1;0x0
BEEJ;1;1.22;111111;88;0x0;-1;0x0
BEEP;0;2.03;111111;97;0x0;-1;0x0
BEES;0;2.03;111111;97;0x0;-1;0x0
BEKJ;1;1.23;111111;22;0x0;-1;0x0
BELJ;0;1.20;111111;0;0x0;-1;0x0
BELK;0;1.20;111111;0;0x0;-1;0x0
BETJ;0;1.20;11001;0;0x0;-1;0x0
BEZJ;0;1.27;111111;123;0x0;-1;0x0
BF2J;0;1.25;111111;-2;0x1b19c0;-1;0x0
BFLE;0;1.26;111111;2;0x0;-1;0x0
BFLP;0;1.26;111111;2;0x0;-1;0x0
BFPJ;0;1.22;111111;77;0x0;-1;0x0
BFXE;0;1.22;111111;0;0x0;-1;0x0
BFXJ;0;1.22;111111;0;0x0;-1;0x0
BFXP;0;1.22;111111;0;0x0;-1;0x0
BG3J;0;1.26;111111;82;0x0;-1;0x0
BG5J;0;1.26;111111;17;0x0;-1;0x0
BGTE;0;1.28;111111;0;0x0;-1;0x0
BGTJ;0;1.26;111111;0;0x0;-1;0x0
BGTP;0;1.28;111111;0;0x0;-1;0x0
BGVJ;0;1.22;10101;33;0x0;-1;0x0
BH2E;0;1.26;111111;20;0x0;-1;0x0
BH2P;0;1.26;111111;20;0x0;-1;0x0
BH2X;0;1.26;111111;20;0x0;-1;0x0
BH6J;0;1.27;111111;0;0x0;-1;0x0
BHQJ;0;1.20;111111;9;0x0;-1;0x0
BHXJ;0;1.27;111111;0;0x0;-1;0x0
BIMJ;0;1.20;111111;0;0x0;-1;0x0
BIPJ;0;1.23;111111;13;0x0;-1;0x0
BJ3E;0;1.23;111111;5;0x0;-1;0x0
BJ3J;0;1.23;111111;5;0x0;-1;0x0
BJ8P;0;1.28;111111;0;0x0;-1;0x0
BJCE;0;1.28;111111;4;0x0;-1;0x0
BJCF;0;1.28;111111;4;0x0;-1;0x0
BJCI;0;1.28;111111;4;0x0;-1;0x0
BJCP;0;1.28;111111;4;0x0;-1;0x0
BJKJ;0;1.26;111111;7;0x0;-1;0x0
BK3J;0;1.23;111111;18;0x4bf8;-1;0x0
BK9E;0;1.28;111111;104;0x0;-1;0x0
BK9J;0;1.28;111111;104;0x0;-1;0x0
BK9P;0;1.28;111111;104;0x0;-1;0x0
BKCE;0;1.22;10110;0;0x0;-1;0x0
BKIE;0;1.23Z;111111;1;0xa504;-1;0x0
BKIJ;0;1.23Z;111111;1;0xa538;-1;0x0
BKIP;0;1.23Z;111111;1;0xa504;-1;0x0
BKJJ;0;1.23;111111;7;0x0;-1;0x0
BKKJ;0;1.25;111111;-2;0x5a44c;-1;0x0
BKMJ;0;1.23;111111;3;0x0;-1;0x0
BKPJ;0;1.22;111111;0;0x0;-1;0x0
BKQE;0;2.03;111111;0;0x0;-1;0x0
BKQK;0;1.27;111111;0;0x0;-1;0x0
BKSJ;0;1.27;111111;36;0x0;-1;0x0
BKTJ;0;1.20;10110;-2;0x615a4;-1;0x0
BKUE;0;2.01;111111;5;0x0;-1;0x0
BKUJ;0;1.23;111111;5;0x0;-1;0x0
BKUP;0;2.03;111111;4;0x0;-1;0x0
BKXJ;0;1.23;111111;256;0x0;-1;0x0
BL3J;0;1.23;111111;29;0x0;-1;0x0
BLEJ;0;1.25;111111;4;0x0;-1;0x0
BLFD;0;2.03;111111;3;0x0;-1;0x0
BLFE;0;2.03;111111;3;0x0;-1;0x0
BLFF;0;2.03;111111;3;0x0;-1;0x0
BLFH;0;2.03;111111;3;0x0;-1;0x0
BLFI;0;2.03;111111;3;0x0;-1;0x0
BLFJ;0;1.23;111111;3;0x0;-1;0x0
BLFP;0;2.03;111111;3;0x0;-1;0x0
BLFS;0;2.03;111111;3;0x0;-1;0x0
BLLE;0;1.26;111111;0;0x0;-1;0x0
BM7J;0;1.23;111111;0;0x0;-1;0x0
BM9J;0;1.27;111111;0;0x1a8;-1;0x0
BMTE;0;1.23;111111;0;0x0;-1;0x0
BMTJ;0;1.10;100101;0;0x0;-1;0x0
BNCJ;0;1.23;111111;10;0x0;-1;0x0
BNQE;0;2.01;111111;8;0x0;-1;0x0
BNQP;0;2.01;111111;8;0x0;-1;0x0
BO4J;0;1.22;111111;0;0x0;-1;0x0
BO9J;0;1.28;111111;0;0x0;-1;0x0
BOBJ;0;1.26;111111;0;0x0;-1;0x0
BOEJ;0;1.28;111111;129;0x0;-1;0x0
BOJD;0;1.28;111111;24;0x0;-1;0x0
BOJF;0;1.28;111111;24;0x0;-1;0x0
BOJJ;0;1.27;111111;24;0x0;-1;0x0
BOJP;0;1.28;111111;24;0x0;-1;0x0
BOKJ;0;1.20;11001;0;0x0;-1;0x0
BONJ;0;2.01;111111;0;0x0;3;0x0
BOOE;0;1.27;111111;3;0x0;-1;0x0
BOOJ;0;1.27;111111;3;0x0;-1;0x0
BOOP;0;1.27;111111;3;0x0;-1;0x0
BOXJ;0;1.27;111111;1;0x0;-1;0x0
BOYJ;0;1.27;111111;0;0x140;-1;0x0
BPOJ;0;1.23;111111;311;0x0;-1;0x0
BPPJ;0;1.23;111111;78;0x0;-1;0x0
BPUJ;0;1.23;111111;35;0x0;-1;0x0
BQ2J;0;1.23;111111;2;0x0;-1;0x0
BQ3J;0;1.22;111111;1;0x0;-1;0x0
BQ4J;0;1.22;111111;1;0x0;-1;0x0
BQ6J;0;1.27;111111;36;0xccc;-1;0x0
BQ8E;0;1.28;111111;0;0x0;-1;0x0
BQ8J;0;1.28;111111;0;0x0;-1;0x0
BQ9J;0;1.23;111111;0;0x0;-1;0x0
BQBJ;0;1.23;111111;48;0x0;-1;0x0
BQFJ;0;1.27;111111;39;0x0;-1;0x0
BQIJ;0;1.23;111111;0;0x144;-1;0x0
BQJJ;0;1.28;111111;0;0x0;-1;0x0
BQPJ;0;1.22;11111;0;0x0;-1;0x0
BQPK;0;1.26;111111;-2;0xf2498;-1;0x0
BQUJ;0;1.25;111111;0;0x0;-1;0x0
BQVJ;0;2.01;111111;-1;0x0;0;0x0
BQWJ;0;1.26;111111;2;0x0;-1;0x0
BRGJ;0;2.00;111111;0;0x0;1;0x0
BRIJ;0;1.28;111111;0;0x0;-1;0x0
BRJE;0;1.28;111111;0;0x0;-1;0x0
BRJJ;0;1.27;111111;0;0x0;-1;0x0
BRME;0;1.23;111111;0;0x0;-1;0x0
BRMJ;0;1.23;111111;0;0x0;-1;0x0
BRMP;0;1.23;111111;0;0x0;-1;0x0
BROJ;0;1.26;111111;6;0x0;-1;0x0
BRQJ;0;1.23;111111;0;0x0;-1;0x0
BRWJ;0;1.28;111111;0;0x0;-1;0x0
BRYJ;0;1.25;111111;-2;0x24d78;-1;0x0
BRZE;0;2.03;111111;0;0x0;-1;0x0
BRZJ;0;2.00;111111;0;0x0;-1;0x0
BRZK;0;2.00;111111;0;0x0;-1;0x0
BRZP;0;2.03;111111;0;0x0;-1;0x0
BS8E;0;1.26;111111;0;0x0;-1;0x0
BS8P;0;1.26;111111;0;0x0;-1;0x0
BSDE;0;1.28;111111;0;0x0;-1;0x0
BSDJ;0;1.23;111111;0;0x0;-1;0x0
BSKE;0;1.27;111111;0;0x0;-1;0x0
BSKJ;0;1.22;111111;0;0x0;-1;0x0
BSWJ;0;1.26;111111;3;0x0;-1;0x0
BT5J;0;1.23;111111;0;0x0;-1;0x0
BTAJ;0;1.23;111111;0;0x0;-1;0x0
BTGJ;0;1.23;111111;0;0x38c;-1;0x0
BTUE;0;1.27;111111;0;0x0;-1;0x0
BTUJ;0;1.27;111111;0;0x0;-1;0x0
BTUP;0;1.27;111111;0;0x0;-1;0x0
BTUX;0;1.27;111111;0;0x0;-1;0x0
BTUY;0;1.27;111111;0;0x0;-1;0x0
BU8E;0;2.01;111111;2;0x45bc;-1;0x0
BU8P;0;2.01;111111;2;0x45e0;-1;0x0
BU9P;0;1.27;111111;0;0x0;-1;0x0
BUCJ;0;2.00;111111;17;0x0;-1;0x0
BUFE;0;1.27;111111;0;0x0;-1;0x0
BUKJ;0;1.28;111111;5;0x0;-1;0x0
BUQJ;0;2.01;111111;17;0xaf0;18;0x6c
BVGE;0;1.27;111111;0;0x0;-1;0x0
BVIJ;0;1.28;111111;5;0x0;-1;0x0
BVNE;0;1.28;111111;7;0x108;-1;0x0
BVNP;0;1.28;111111;7;0x108;-1;0x0
BW4E;0;1.28;111111;1;0x0;-1;0x0
BW4P;0;1.28;111111;1;0x0;-1;0x0
BWCJ;0;1.23;111111;-2;0xfb4b8;-1;0x0
BWRJ;0;2.00;111111;2;0x0;-2;0x11ffb0
BWWJ;0;1.23;111111;2;0x0;-1;0x0
BWYJ;0;1.27;111111;0;0x0;-1;0x0
BWZJ;0;1.22;111111;0;0x0;-1;0x0
BXOJ;0;2.01;111111;24;0x0;-1;0x0
BXPJ;0;2.03;111111;38;0x0;-1;0x0
BXSE;0;1.28;111111;17;0x0;-1;0x0
BXSJ;0;1.28;111111;17;0x0;-1;0x0
BXSP;0;1.28;111111;17;0x0;-1;0x0
BYMJ;0;1.26;111111;100;0x0;-1;0x0
BYNJ;0;1.23;111111;0;0x0;-1;0x0
BYQJ;0;2.01;111111;0;0x21c;-1;0x0
BYSJ;0;1.23;111111;0;0x0;-1;0x0
BYVJ;0;2.01;111111;-1;0x0;7;0x6c0
BYXE;0;1.23;111111;41;0x0;-1;0x0
BYXJ;0;1.23;111111;41;0x0;-1;0x0
BYXK;0;1.26;111111;41;0x0;-1;0x0
BYXP;0;1.23;111111;41;0x0;-1;0x0
BYYE;0;2.01;111111;47;0x0;-1;0x0
BYYJ;0;2.01;111111;47;0x0;-1;0x0
BYYK;0;2.01;111111;47;0x0;-1;0x0
BYYP;0;2.01;111111;47;0x0;-1;0x0
BZ2J;0;1.22;111111;0;0x0;-1;0x0
BZ3J;0;2.00;111111;4;0x258fc;5;0x16a88
BZBJ;0;1.28;111111;14;0x0;-1;0x0
BZFP;0;2.01;111111;1;0x0;-1;0x0
BZMJ;0;2.00;111111;0;0x0;2;0x0
BZQJ;0;1.28;111111;2;0x0;-1;0x0
BZUE;0;2.01;111111;0;0x3fc;-1;0x0
BZUP;0;2.01;111111;0;0x3fc;-1;0x0
C24E;0;1.20;1111;-2;0xc52b8;-1;0x0
C24J;0;1.05;11111;-2;0xc52a8;-1;0x0
C24P;0;1.20;1111;-2;0xc52b8;-1;0x0
C29J;0;1.08;111111;-2;0x17e1a4;-1;0x0
C2VJ;0;1.20;110101;-2;0x69c24;-1;0x0
C2YJ;0;1.20;10110;-2;0x2a914;-1;0x0
C34J;0;1.23;111111;2;0x0;-1;0x0
C36J;0;1.08;111111;0;0x0;-1;0x0
C3JD;0;1.28;111111;10;0x0;-1;0x0
C3JE;0;1.28;111111;10;0x0;-1;0x0
C3JF;0;1.28;111111;10;0x0;-1;0x0
C3JH;0;1.28;111111;10;0x0;-1;0x0
C3JI;0;1.28;111111;10;0x0;-1;0x0
C3JJ;0;1.05;111111;10;0x0;-1;0x0
C3JP;0;1.28;111111;10;0x0;-1;0x0
C3JS;0;1.28;111111;10;0x0;-1;0x0
C4WK;0;1.08;111111;0;0x0;-1;0x0
C52J;0;1.10;111111;1;0x0;-1;0x0
C5IJ;0;1.10;111111;1;0x0;-1;0x0
C5YJ;0;1.05;10111;-2;0x15670;-1;0x0
C6FJ;0;1.23;111111;0;0x0;-1;0x0
C6HK;0;1.27;111111;0;0x0;-1;0x0
C6OJ;0;1.26;111111;2;0x0;-1;0x0
CA5E;0;1.25;111111;0;0x0;-1;0x0
CBEJ;0;1.08;111111;-2;0x314dc;-1;0x0
CCTJ;0;1.05;10101;-2;0x3caa0;-1;0x0
CDOK;0;1.20;111111;0;0x0;-1;0x0
CFIE;0;1.06;10101;-2;0xcaa60;-1;0x0
CFIJ;0;1.06;10101;-2;0xca9a8;-1;0x0
CFIP;0;1.06;10101;-2;0xcaa7c;-1;0x0
CJRE;0;1.28;111111;2;0xd0;-1;0x0
CJRJ;0;1.26;111111;2;0x128;-1;0x0
CJRP;0;1.28;111111;2;0xd0;-1;0x0
CKDJ;0;1.20;111111;-2;0x6c360;-1;0x0
CL4K;0;1.28;111111;0;0x0;-1;0x0
CLJE;0;1.20;10110;138;0x0;-1;0x0
CLJK;0;2.03;111111;138;0x0;-1;0x0
CLJP;0;1.20;10110;138;0x0;-1;0x0
CLPD;0;2.03;111111;1;0x0;-1;0x0
CNSE;0;1.28;111111;0;0x0;-1;0x0
CNSK;0;1.27;111111;0;0x0;-1;0x0
COLE;0;1.10;11001;41;0x0;-1;0x0
COLJ;0;1.10;11001;41;0x0;-1;0x0
COLK;0;1.10;11001;41;0x0;-1;0x0
COLP;0;1.10;11001;41;0x0;-1;0x0
CP4K;0;1.06;111111;-2;0x68f0c;-1;0x0
CQ2J;0;1.23;111111;1;0xd418;-1;0x0
CQ3J;0;1.23;111111;1;0xcca0;-1;0x0
CS7J;0;1.10;111111;5;0x0;-1;0x0
CSGJ;0;1.10;111111;2;0x22024;-1;0x0
CT5K;0;1.05;111111;-2;0xc6654;-1;0x0
CUHJ;0;1.22;111111;0;0x0;-1;0x0
CVAJ;0;1.26;111111;-2;0x1b4b0;-1;0x0
CY9E;0;1.26;111111;11;0x0;-1;0x0
CY9P;0;1.26;111111;11;0x0;-1;0x0
CYJJ;0;1.06;111111;2;0x0;-1;0x0
CZXK;0;1.23;111111;0;0x0;-1;0x0
CZZK;0;1.25;111111;0;0x0;-1;0x0
IPGD;0;1.23;111111;123;0x0;-1;0x0
IPGE;0;1.23;111111;123;0x0;-1;0x0
IPGE;10;1.23;111111;123;0x0;-1;0x0
IPGF;0;1.23;111111;123;0x0;-1;0x0
IPGI;0;1.23;111111;123;0x0;-1;0x0
IPGJ;0;1.20;111111;122;0x0;-1;0x0
IPGK;0;1.23;111111;123;0x0;-1;0x0
IPGS;0;1.23;111111;123;0x0;-1;0x0
IPKD;0;1.23;111111;123;0x0;-1;0x0
IPKE;0;1.23;111111;123;0x0;-1;0x0
IPKE;10;1.23;111111;123;0x0;-1;0x0
IPKF;0;1.23;111111;123;0x0;-1;0x0
IPKI;0;1.23;111111;123;0x0;-1;0x0
IPKJ;0;1.20;111111;122;0x0;-1;0x0
IPKK;0;1.23;111111;123;0x0;-1;0x0
IPKS;0;1.23;111111;123;0x0;-1;0x0
IRAD;0;1.27;111111;230;0x0;-1;0x0
IRAF;0;1.27;111111;230;0x0;-1;0x0
IRAI;0;1.27;111111;230;0x0;-1;0x0
IRAJ;0;1.27;111111;230;0x0;-1;0x0
IRAK;0;1.27;111111;230;0x0;-1;0x0
IRAO;0;1.27;111111;230;0x0;-1;0x0
IRAS;0;1.27;111111;230;0x0;-1;0x0
IRBD;0;1.27;111111;230;0x0;-1;0x0
IRBF;0;1.27;111111;230;0x0;-1;0x0
IRBI;0;1.27;111111;230;0x0;-1;0x0
IRBJ;0;1.27;111111;230;0x0;-1;0x0
IRBK;0;1.27;111111;230;0x0;-1;0x0
IRBO;0;1.27;111111;230;0x0;-1;0x0
IRBS;0;1.27;111111;230;0x0;-1;0x0
IRDD;0;2.05;111111;337;0x0;165;0x96f8
IRDF;0;2.05;111111;337;0x0;165;0x96f8
IRDI;0;2.05;111111;337;0x0;165;0x96f8
IRDJ;1;2.05;111111;337;0x0;165;0x96d0
IRDK;0;2.05;111111;337;0x0;165;0x96f8
IRDO;0;2.05;111111;337;0x0;165;0x96f8
IRDS;0;2.05;111111;337;0x0;165;0x9710
IRED;0;2.05;111111;337;0x0;165;0x96f8
IREF;0;2.05;111111;337;0x0;165;0x96f8
IREI;0;2.05;111111;337;0x0;165;0x96f8
IREJ;1;2.05;111111;337;0x0;165;0x96d0
IREK;0;2.05;111111;337;0x0;165;0x96f8
IREO;0;2.05;111111;337;0x0;165;0x96f8
IRES;0;2.05;111111;337;0x0;165;0x9710
TADE;0;2.01;111111;28;0x0;-1;0x0
TADJ;0;2.01;111111;28;0x0;-1;0x0
TADK;0;2.01;111111;28;0x0;-1;0x0
TADP;0;2.01;111111;28;0x0;-1;0x0
TAKJ;0;2.03;111111;-1;0x0;0;0x0
TBFJ;0;2.01;111111;4;0x0;-1;0x0
TBQJ;0;2.03;111111;-1;0x0;10;0x1d0
TBSJ;0;2.03;111111;0;0x0;-1;0x0
TCME;0;2.03;111111;0;0x90;-1;0x0
TCMJ;0;2.03;111111;0;0x90;-1;0x0
TCMP;0;2.03;111111;0;0x90;-1;0x0
TCYE;0;2.05;111111;0;0x90;-1;0x0
TCZE;0;2.05;111111;3;0x0;-1;0x0
TDBJ;0;2.01;111111;-1;0x0;0;0x0
TDVE;0;2.01;111111;6;0x924;5;0x632c
TDVJ;0;2.01;111111;6;0x924;5;0x632c
TDVP;0;2.05;111111;6;0x924;5;0x6330
TEDJ;0;2.01;111111;-1;0x0;45;0x0
TENJ;0;2.01;111111;0;0x480;-1;0x0
TFLJ;0;2.01;111111;0;0x0;-1;0x0
TFTJ;0;2.01;111111;0;0x0;-1;0x0
TGBJ;0;2.03;111111;36;0x0;37;0x0
TGCJ;0;2.03;111111;0;0x0;-1;0x0
TGKJ;0;2.03;111111;-1;0x0;4;0x0
THMJ;0;2.01;111111;26;0x58;27;0x0
TJ7J;0;2.03;111111;0;0x0;-1;0x0
TJ8J;0;2.03;111111;0;0x0;-1;0x0
TJ9J;0;2.03;111111;0;0x0;-1;0x0
TK2J;0;2.03;111111;0;0x0;-1;0x0
TKDJ;0;2.03;111111;0;0x0;-1;0x0
TKGJ;0;2.01;111111;-1;0x0;-2;0x100178
TKNJ;0;2.01;111111;-1;0x0;3;0x0
TKTJ;0;2.01;111111;2;0x0;3;0x0
TLTJ;0;2.01;111111;4;0x0;-1;0x0
TMCP;0;2.05;111111;-1;0x0;3;0x0
TMDP;0;2.05;111111;3;0x0;-1;0x0
TMKJ;0;2.05;111111;-1;0x0;20;0x0
TMXJ;0;2.03;111111;0;0x128;-1;0x0
TP4J;0;2.01;111111;15;0x0;16;0x0
TPGJ;0;2.01;111111;0;0x0;-1;0x0
TPQJ;0;2.03;111111;44;0x0;45;0x0
TQ5J;0;2.05;111111;-1;0x0;28;0x0
TR2E;0;2.05;111111;0;0x448;-1;0x0
TR2P;0;2.05;111111;0;0x448;-1;0x0
UXBP;0;1.26;111111;0;0x308;-1;0x0
UZPD;0;2.05;111111;0;0x0;-1;0x0
UZPF;0;2.05;111111;0;0x0;-1;0x0
UZPJ;0;2.01;111111;0;0x0;-1;0x0
UZPP;0;2.05;111111;0;0x0;-1;0x0
V29J;0;1.25;111111;0;0x17c;-1;0x0
V2GE;1;1.28;111111;15;0x0;-1;0x0
V2GE;2;1.28;111111;15;0x0;-1;0x0
V2GJ;0;1.28;111111;15;0x0;-1;0x0
V2GV;0;1.28;111111;15;0x0;-1;0x0
VAAJ;0;1.26;111111;0;0x0;-1;0x0
VAAK;0;1.26;111111;0;0x0;-1;0x0
VAAV;0;1.26;111111;0;0x0;-1;0x0
VALE;0;1.23;111111;11;0x0;-1;0x0
VALV;0;1.23;111111;0;0x0;-1;0x0
VAOE;0;1.27;111111;35;0x0;-1;0x0
VAOP;0;1.27;111111;35;0x0;-1;0x0
VCAE;0;2.01;111111;2;0x0;-1;0x0
VCAJ;0;2.01;111111;2;0x0;-1;0x0
VCAV;0;2.01;111111;2;0x0;-1;0x0
VCAW;0;2.01;111111;2;0x0;-1;0x0
VCAY;0;2.01;111111;2;0x0;-1;0x0
VCDE;0;2.03;111111;4;0x2b0;-1;0x0
VCDJ;0;1.27;111111;4;0x324;-1;0x0
VCDV;0;2.01;111111;4;0x2b0;-1;0x0
VCGJ;0;1.23;111111;0;0x0;-1;0x0
VCME;0;1.26;111111;42;0x0;-1;0x0
VCMP;0;1.26;111111;42;0x0;-1;0x0
VCMV;0;1.26;111111;42;0x0;-1;0x0
VCPJ;0;1.26;111111;0;0x0;-1;0x0
VCTJ;0;2.01;111111;0;0x0;-1;0x0
VDEE;0;2.03;111111;15;0x0;16;0x0
VDEJ;0;2.01;111111;15;0x0;16;0x0
VEBJ;0;2.03;111111;0;0x3b0;-1;0x0
VETP;0;1.27;111111;52;0x0;-1;0x0
VFBE;0;1.23;111111;12;0x0;-1;0x0
VFZE;0;1.23;111111;12;0x0;-1;0x0
VFZV;0;1.23;111111;12;0x0;-1;0x0
VI2J;1;1.27;111111;10;0x0;-1;0x0
VIMJ;0;1.20;111111;0;0x0;-1;0x0
VKGE;0;1.20;10110;0;0xc7c;-1;0x0
VKGJ;0;1.20;10110;0;0xc7c;-1;0x0
VKHE;0;1.28;111111;2;0x0;-1;0x0
VKHP;0;1.28;111111;2;0x0;-1;0x0
VKPJ;0;1.20;10110;0;0xc7c;-1;0x0
VL3J;0;1.26;111111;0;0x0;-1;0x0
VLIP;0;1.26;111111;0;0x0;-1;0x0
VMMJ;0;2.00;111111;1;0x1c4;-1;0x0
VMYE;0;2.01;111111;1;0x0;-1;0x0
VMYV;0;2.01;111111;1;0x0;-1;0x0
VP4J;0;2.03;111111;32;0x0;33;0x0
VPFE;0;1.26;111111;5;0x0;-1;0x0
VPFV;0;1.27;111111;5;0x0;-1;0x0
VPLJ;0;1.28;111111;32;0x0;-1;0x0
VPTJ;0;1.22;111111;30;0x0;-1;0x0
VPYJ;0;2.03;111111;9;0x0;8;0x0
VPYP;0;2.05;111111;9;0x0;8;0x0
VPYT;0;2.05;111111;9;0x0;8;0x0
VS3E;0;1.28;111111;2;0x0;-1;0x0
VS3V;0;1.28;111111;2;0x0;-1;0x0
VSNE;0;1.23;111111;1;0x0;-1;0x0
VSNV;0;1.23;111111;1;0x0;-1;0x0
VT3E;0;1.26;111111;2;0x0;-1;0x0
VT3J;0;1.26;111111;0;0x0;-1;0x0
VT3V;0;1.26;111111;0;0x0;-1;0x0
VT3X;0;1.26;111111;0;0x0;-1;0x0
VTEE;0;1.28;111111;2;0x0;-1;0x0
VTEV;0;1.28;111111;0;0x0;-1;0x0
VTEX;0;1.28;111111;0;0x0;-1;0x0
VTPV;0;2.03;111111;85;0x0;-1;0x0
YBND;0;1.23;111111;9;0x0;-1;0x0
YBNE;0;1.26;111111;9;0x0;-1;0x0
YBNF;0;1.23;111111;9;0x0;-1;0x0
YBUD;0;1.27;111111;15;0x0;-1;0x0
YBUE;0;1.20;111111;15;0x0;-1;0x0
YBUF;0;1.27;111111;15;0x0;-1;0x0
YBUI;0;1.27;111111;15;0x0;-1;0x0
YBUJ;0;1.20;111111;15;0x0;-1;0x0
YBUP;0;1.27;111111;15;0x0;-1;0x0
YBUS;0;1.27;111111;15;0x0;-1;0x0
YCUP;0;1.23;111111;0;0x0;-1;0x0
YDQE;0;1.26;111111;29;0x0;-1;0x0
YDQJ;0;1.10;111111;29;0x0;-1;0x0
YDQP;0;1.26;111111;29;0x0;-1;0x0
YE9K;0;1.20;10101;-2;0x8d04c;-1;0x0
YEED;0;1.28;111111;90;0x0;-1;0x0
YEEF;0;1.28;111111;90;0x0;-1;0x0
YEEI;0;1.28;111111;90;0x0;-1;0x0
YEEP;0;1.28;111111;90;0x0;-1;0x0
YEES;0;1.28;111111;90;0x0;-1;0x0
YEOK;0;1.20;10101;-2;0x8a820;-1;0x0
YFTK;0;1.00_2;110011;-2;0x69d40;-1;0x0
YFYK;0;1.00_2;110011;-2;0x69d40;-1;0x0
YG4K;0;1.08;10101;2;0x0;-1;0x0
YKGE;0;1.10;111111;28;0x0;-1;0x0
YKGJ;0;1.08;111111;28;0x0;-1;0x0
YKGP;0;1.10;111111;28;0x0;-1;0x0
YLUJ;0;1.22;111111;-2;0x7a678;-1;0x0
YLUP;0;1.27;111111;-2;0x7d554;-1;0x0
YLZK;0;1.10;111111;166;0x0;-1;0x0
YMPJ;0;2.03;111111;107;0x0;-1;0x0
YMPK;0;1.25;111111;107;0x0;-1;0x0
YNOK;0;1.08;111111;90;0x0;-1;0x0
YNRK;0;1.22;111111;6;0x0;-1;0x0
YQUE;0;1.05;10111;-2;0x4df4c;-1;0x0
YQUJ;0;1.05;10111;-2;0x4df7c;-1;0x0
YQUP;0;1.05;10111;-2;0x4df4c;-1;0x0
YR4J;0;1.23;111111;1;0xcca0;-1;0x0
YRBK;0;1.08;10111;64;0x0;-1;0x0
YRCK;0;1.20;111111;0;0x0;-1;0x0
YROK;0;1.26;111111;0;0x0;-1;0x0
YV5E;0;1.00_2;000001;-2;0x7e74;-1;0x0
YV5J;0;1.00_2;000001;-2;0x7e74;-1;0x0
YV5P;0;1.00_2;000001;-2;0x7e74;-1;0x0
YVIE;0;1.28;111111;47;0x0;-1;0x0
YVIJ;0;1.22;10111;47;0x0;-1;0x0
YVIP;0;1.28;111111;47;0x0;-1;0x0
YVKK;0;1.00_2;010001;-2;0xf7064;-1;0x0
YW4K;0;1.06;111111;0;0x0;-1;0x0
